,rmse_arr,pear_arr,mielke_arr
0,9.08779239654541,0.3037140809882483,0.29770462176128687
1,8.531279421908632,0.34433313606425464,0.3397255190189682
2,9.319220822838904,0.15632313053031466,0.12695675198512246
3,9.708516914422054,0.152477311131766,0.11403103108636725
4,9.578929261236803,0.11888115592307158,0.105293537022361
5,9.65955346148864,0.10686081271892012,0.10006293348743478
6,0.0,1.0,1.0
